[{"model": "admin.logentry", "pk": 1, "fields": {"action_time": "2025-01-10T15:09:51.437Z", "user": 1, "content_type": 10, "object_id": "1", "object_repr": "Sofa", "action_flag": 1, "change_message": "[{\"added\": {}}]"}}, {"model": "admin.logentry", "pk": 2, "fields": {"action_time": "2025-01-10T15:09:54.256Z", "user": 1, "content_type": 13, "object_id": "1", "object_repr": "sofa", "action_flag": 1, "change_message": "[{\"added\": {}}]"}}, {"model": "admin.logentry", "pk": 3, "fields": {"action_time": "2025-01-10T15:09:58.158Z", "user": 1, "content_type": 13, "object_id": "2", "object_repr": "furniture", "action_flag": 1, "change_message": "[{\"added\": {}}]"}}, {"model": "admin.logentry", "pk": 4, "fields": {"action_time": "2025-01-10T15:10:20.666Z", "user": 1, "content_type": 11, "object_id": "1", "object_repr": "Sofa", "action_flag": 1, "change_message": "[{\"added\": {}}]"}}, {"model": "admin.logentry", "pk": 5, "fields": {"action_time": "2025-01-10T15:11:22.034Z", "user": 1, "content_type": 10, "object_id": "2", "object_repr": "Chair", "action_flag": 1, "change_message": "[{\"added\": {}}]"}}, {"model": "admin.logentry", "pk": 6, "fields": {"action_time": "2025-01-10T15:11:26.359Z", "user": 1, "content_type": 13, "object_id": "3", "object_repr": "chair", "action_flag": 1, "change_message": "[{\"added\": {}}]"}}, {"model": "admin.logentry", "pk": 7, "fields": {"action_time": "2025-01-10T15:11:39.844Z", "user": 1, "content_type": 11, "object_id": "2", "object_repr": "Chair", "action_flag": 1, "change_message": "[{\"added\": {}}]"}}, {"model": "admin.logentry", "pk": 8, "fields": {"action_time": "2025-01-10T15:16:16.557Z", "user": 1, "content_type": 11, "object_id": "2", "object_repr": "Chair", "action_flag": 2, "change_message": "[{\"changed\": {\"fields\": [\"Category\"]}}]"}}, {"model": "admin.logentry", "pk": 9, "fields": {"action_time": "2025-01-10T15:18:36.641Z", "user": 1, "content_type": 11, "object_id": "2", "object_repr": "Chair", "action_flag": 2, "change_message": "[{\"changed\": {\"fields\": [\"Category\"]}}]"}}, {"model": "admin.logentry", "pk": 10, "fields": {"action_time": "2025-01-10T15:18:36.642Z", "user": 1, "content_type": 11, "object_id": "1", "object_repr": "Sofa", "action_flag": 2, "change_message": "[{\"changed\": {\"fields\": [\"Category\"]}}]"}}, {"model": "admin.logentry", "pk": 11, "fields": {"action_time": "2025-01-10T15:18:49.285Z", "user": 1, "content_type": 11, "object_id": "1", "object_repr": "Sofa", "action_flag": 2, "change_message": "[{\"changed\": {\"fields\": [\"Category\"]}}]"}}, {"model": "admin.logentry", "pk": 12, "fields": {"action_time": "2025-01-10T15:30:14.263Z", "user": 1, "content_type": 11, "object_id": "2", "object_repr": "Chair", "action_flag": 2, "change_message": "[]"}}, {"model": "admin.logentry", "pk": 13, "fields": {"action_time": "2025-01-10T15:30:30.150Z", "user": 1, "content_type": 12, "object_id": "1", "object_repr": "Sofa", "action_flag": 1, "change_message": "[{\"added\": {}}]"}}, {"model": "admin.logentry", "pk": 14, "fields": {"action_time": "2025-01-10T15:30:37.274Z", "user": 1, "content_type": 12, "object_id": "2", "object_repr": "Sofa", "action_flag": 1, "change_message": "[{\"added\": {}}]"}}, {"model": "admin.logentry", "pk": 15, "fields": {"action_time": "2025-01-10T15:34:19.632Z", "user": 1, "content_type": 11, "object_id": "2", "object_repr": "Chair", "action_flag": 2, "change_message": "[{\"added\": {\"name\": \"product image\", \"object\": \"Chair\"}}, {\"added\": {\"name\": \"product image\", \"object\": \"Chair\"}}]"}}, {"model": "admin.logentry", "pk": 16, "fields": {"action_time": "2025-01-10T15:37:23.683Z", "user": 1, "content_type": 14, "object_id": "1", "object_repr": "admin | Sofa", "action_flag": 1, "change_message": "[{\"added\": {}}]"}}, {"model": "admin.logentry", "pk": 17, "fields": {"action_time": "2025-01-15T06:52:04.692Z", "user": 1, "content_type": 10, "object_id": "2", "object_repr": "chair", "action_flag": 2, "change_message": "[{\"changed\": {\"fields\": [\"Title\"]}}]"}}, {"model": "admin.logentry", "pk": 18, "fields": {"action_time": "2025-01-15T12:28:07.785Z", "user": 1, "content_type": 10, "object_id": "3", "object_repr": "Furniture", "action_flag": 1, "change_message": "[{\"added\": {}}]"}}, {"model": "admin.logentry", "pk": 19, "fields": {"action_time": "2025-01-15T12:45:46.584Z", "user": 1, "content_type": 11, "object_id": "1", "object_repr": "Sofa", "action_flag": 2, "change_message": "[{\"added\": {\"name\": \"product image\", \"object\": \"Sofa\"}}]"}}, {"model": "admin.logentry", "pk": 20, "fields": {"action_time": "2025-01-15T12:46:08.171Z", "user": 1, "content_type": 11, "object_id": "1", "object_repr": "Sofa", "action_flag": 2, "change_message": "[{\"deleted\": {\"name\": \"product image\", \"object\": \"Sofa\"}}, {\"deleted\": {\"name\": \"product image\", \"object\": \"Sofa\"}}]"}}, {"model": "admin.logentry", "pk": 21, "fields": {"action_time": "2025-01-15T12:56:52.313Z", "user": 1, "content_type": 11, "object_id": "1", "object_repr": "Sofa", "action_flag": 2, "change_message": "[{\"changed\": {\"fields\": [\"Description\"]}}]"}}, {"model": "admin.logentry", "pk": 22, "fields": {"action_time": "2025-01-15T13:19:01.062Z", "user": 1, "content_type": 8, "object_id": "1", "object_repr": "sofa", "action_flag": 1, "change_message": "[{\"added\": {}}]"}}, {"model": "admin.logentry", "pk": 23, "fields": {"action_time": "2025-01-15T13:19:12.154Z", "user": 1, "content_type": 9, "object_id": "1", "object_repr": "Blog #1 - sofa", "action_flag": 1, "change_message": "[{\"added\": {}}]"}}, {"model": "admin.logentry", "pk": 24, "fields": {"action_time": "2025-01-15T13:20:00.337Z", "user": 1, "content_type": 6, "object_id": "1", "object_repr": "admin", "action_flag": 2, "change_message": "[{\"changed\": {\"fields\": [\"First name\", \"Last name\"]}}]"}}, {"model": "admin.logentry", "pk": 25, "fields": {"action_time": "2025-01-31T15:40:17.543Z", "user": 1, "content_type": 15, "object_id": "2", "object_repr": "admin | Sofa", "action_flag": 1, "change_message": "[{\"added\": {}}]"}}, {"model": "admin.logentry", "pk": 26, "fields": {"action_time": "2025-01-31T15:40:34.459Z", "user": 1, "content_type": 15, "object_id": "3", "object_repr": "admin | Sofa", "action_flag": 1, "change_message": "[{\"added\": {}}]"}}, {"model": "admin.logentry", "pk": 27, "fields": {"action_time": "2025-01-31T15:45:33.790Z", "user": 1, "content_type": 15, "object_id": "3", "object_repr": "admin | Sofa", "action_flag": 2, "change_message": "[{\"changed\": {\"fields\": [\"Is verified\"]}}]"}}, {"model": "admin.logentry", "pk": 28, "fields": {"action_time": "2025-01-31T16:08:08.408Z", "user": 1, "content_type": 15, "object_id": "12", "object_repr": "admin | Sofa", "action_flag": 2, "change_message": "[{\"changed\": {\"fields\": [\"Is verified\"]}}]"}}, {"model": "admin.logentry", "pk": 29, "fields": {"action_time": "2025-02-04T20:51:43.339Z", "user": 1, "content_type": 11, "object_id": "3", "object_repr": "Furniture", "action_flag": 3, "change_message": ""}}, {"model": "admin.logentry", "pk": 30, "fields": {"action_time": "2025-02-04T20:51:43.339Z", "user": 1, "content_type": 11, "object_id": "2", "object_repr": "chair", "action_flag": 3, "change_message": ""}}, {"model": "admin.logentry", "pk": 31, "fields": {"action_time": "2025-02-04T20:51:43.339Z", "user": 1, "content_type": 11, "object_id": "1", "object_repr": "Sofa", "action_flag": 3, "change_message": ""}}, {"model": "admin.logentry", "pk": 32, "fields": {"action_time": "2025-02-04T20:52:05.273Z", "user": 1, "content_type": 11, "object_id": "4", "object_repr": "Chairs", "action_flag": 1, "change_message": "[{\"added\": {}}]"}}, {"model": "admin.logentry", "pk": 33, "fields": {"action_time": "2025-02-04T20:52:09.326Z", "user": 1, "content_type": 11, "object_id": "5", "object_repr": "Tables", "action_flag": 1, "change_message": "[{\"added\": {}}]"}}, {"model": "admin.logentry", "pk": 34, "fields": {"action_time": "2025-02-04T20:52:21.568Z", "user": 1, "content_type": 11, "object_id": "6", "object_repr": "Sofas", "action_flag": 1, "change_message": "[{\"added\": {}}]"}}, {"model": "admin.logentry", "pk": 35, "fields": {"action_time": "2025-02-04T20:52:27.418Z", "user": 1, "content_type": 11, "object_id": "7", "object_repr": "Lightning", "action_flag": 1, "change_message": "[{\"added\": {}}]"}}, {"model": "admin.logentry", "pk": 36, "fields": {"action_time": "2025-02-04T20:55:36.320Z", "user": 1, "content_type": 11, "object_id": "8", "object_repr": "Chairs - Office chairs", "action_flag": 1, "change_message": "[{\"added\": {}}]"}}, {"model": "admin.logentry", "pk": 37, "fields": {"action_time": "2025-02-04T20:55:43.326Z", "user": 1, "content_type": 11, "object_id": "9", "object_repr": "Chairs - Dining chairs", "action_flag": 1, "change_message": "[{\"added\": {}}]"}}, {"model": "admin.logentry", "pk": 38, "fields": {"action_time": "2025-02-04T20:55:57.870Z", "user": 1, "content_type": 11, "object_id": "10", "object_repr": "Tables - Coffee tables", "action_flag": 1, "change_message": "[{\"added\": {}}]"}}, {"model": "admin.logentry", "pk": 39, "fields": {"action_time": "2025-02-04T20:56:12.689Z", "user": 1, "content_type": 11, "object_id": "11", "object_repr": "Tables - Dining tables", "action_flag": 1, "change_message": "[{\"added\": {}}]"}}, {"model": "admin.logentry", "pk": 40, "fields": {"action_time": "2025-02-04T20:56:30.361Z", "user": 1, "content_type": 11, "object_id": "12", "object_repr": "Sofas - Sectional sofas", "action_flag": 1, "change_message": "[{\"added\": {}}]"}}, {"model": "admin.logentry", "pk": 41, "fields": {"action_time": "2025-02-04T20:56:56.884Z", "user": 1, "content_type": 11, "object_id": "13", "object_repr": "Sofas - Sofa beds", "action_flag": 1, "change_message": "[{\"added\": {}}]"}}, {"model": "admin.logentry", "pk": 42, "fields": {"action_time": "2025-02-04T20:57:20.418Z", "user": 1, "content_type": 11, "object_id": "14", "object_repr": "Lightning - Table lamps", "action_flag": 1, "change_message": "[{\"added\": {}}]"}}, {"model": "admin.logentry", "pk": 43, "fields": {"action_time": "2025-02-04T20:57:29.576Z", "user": 1, "content_type": 11, "object_id": "15", "object_repr": "Lightning - Floor lamps", "action_flag": 1, "change_message": "[{\"added\": {}}]"}}, {"model": "admin.logentry", "pk": 44, "fields": {"action_time": "2025-02-04T20:59:29.895Z", "user": 1, "content_type": 14, "object_id": "4", "object_repr": "office chair", "action_flag": 1, "change_message": "[{\"added\": {}}]"}}, {"model": "admin.logentry", "pk": 45, "fields": {"action_time": "2025-02-04T21:00:01.407Z", "user": 1, "content_type": 12, "object_id": "3", "object_repr": "Modern Office Chair", "action_flag": 1, "change_message": "[{\"added\": {}}]"}}, {"model": "admin.logentry", "pk": 46, "fields": {"action_time": "2025-02-04T21:04:20.471Z", "user": 1, "content_type": 12, "object_id": "3", "object_repr": "Modern Office Chair", "action_flag": 2, "change_message": "[{\"added\": {\"name\": \"product image\", \"object\": \"Modern Office Chair\"}}, {\"added\": {\"name\": \"product image\", \"object\": \"Modern Office Chair\"}}]"}}, {"model": "admin.logentry", "pk": 47, "fields": {"action_time": "2025-02-04T21:06:00.069Z", "user": 1, "content_type": 12, "object_id": "4", "object_repr": "Ergonomic Office Chair", "action_flag": 1, "change_message": "[{\"added\": {}}]"}}, {"model": "admin.logentry", "pk": 48, "fields": {"action_time": "2025-02-04T21:08:06.494Z", "user": 1, "content_type": 14, "object_id": "5", "object_repr": "dining chair", "action_flag": 1, "change_message": "[{\"added\": {}}]"}}, {"model": "admin.logentry", "pk": 49, "fields": {"action_time": "2025-02-04T21:08:34.184Z", "user": 1, "content_type": 12, "object_id": "5", "object_repr": "Wooden Dining Chair", "action_flag": 1, "change_message": "[{\"added\": {}}]"}}, {"model": "admin.logentry", "pk": 50, "fields": {"action_time": "2025-02-04T21:12:30.345Z", "user": 1, "content_type": 12, "object_id": "5", "object_repr": "Wooden Dining Chair", "action_flag": 2, "change_message": "[{\"added\": {\"name\": \"product image\", \"object\": \"Wooden Dining Chair\"}}]"}}, {"model": "admin.logentry", "pk": 51, "fields": {"action_time": "2025-02-04T21:14:00.575Z", "user": 1, "content_type": 14, "object_id": "6", "object_repr": "modern chair", "action_flag": 1, "change_message": "[{\"added\": {}}]"}}, {"model": "admin.logentry", "pk": 52, "fields": {"action_time": "2025-02-04T21:14:05.205Z", "user": 1, "content_type": 12, "object_id": "6", "object_repr": "Modern Dining Chair", "action_flag": 1, "change_message": "[{\"added\": {}}]"}}, {"model": "admin.logentry", "pk": 53, "fields": {"action_time": "2025-02-04T21:16:52.630Z", "user": 1, "content_type": 14, "object_id": "7", "object_repr": "table", "action_flag": 1, "change_message": "[{\"added\": {}}]"}}, {"model": "admin.logentry", "pk": 54, "fields": {"action_time": "2025-02-04T21:16:57.854Z", "user": 1, "content_type": 14, "object_id": "8", "object_repr": "dining table", "action_flag": 1, "change_message": "[{\"added\": {}}]"}}, {"model": "admin.logentry", "pk": 55, "fields": {"action_time": "2025-02-04T21:18:00.703Z", "user": 1, "content_type": 12, "object_id": "7", "object_repr": "Modern Oak Dining Table", "action_flag": 1, "change_message": "[{\"added\": {}}]"}}, {"model": "admin.logentry", "pk": 56, "fields": {"action_time": "2025-02-04T21:20:51.185Z", "user": 1, "content_type": 12, "object_id": "8", "object_repr": "Elegant Maple Dining Table", "action_flag": 1, "change_message": "[{\"added\": {}}]"}}, {"model": "admin.logentry", "pk": 57, "fields": {"action_time": "2025-02-04T21:22:32.300Z", "user": 1, "content_type": 12, "object_id": "9", "object_repr": "Modern Sofa", "action_flag": 1, "change_message": "[{\"added\": {}}]"}}, {"model": "admin.logentry", "pk": 58, "fields": {"action_time": "2025-02-04T21:23:25.540Z", "user": 1, "content_type": 12, "object_id": "10", "object_repr": "Modern Wooden Sofa", "action_flag": 1, "change_message": "[{\"added\": {}}]"}}, {"model": "admin.logentry", "pk": 59, "fields": {"action_time": "2025-02-04T21:24:22.173Z", "user": 1, "content_type": 14, "object_id": "9", "object_repr": "lamp", "action_flag": 1, "change_message": "[{\"added\": {}}]"}}, {"model": "admin.logentry", "pk": 60, "fields": {"action_time": "2025-02-04T21:24:26.422Z", "user": 1, "content_type": 14, "object_id": "10", "object_repr": "floor lamp", "action_flag": 1, "change_message": "[{\"added\": {}}]"}}, {"model": "admin.logentry", "pk": 61, "fields": {"action_time": "2025-02-04T21:24:39.624Z", "user": 1, "content_type": 12, "object_id": "11", "object_repr": "Modern Floor Lamp", "action_flag": 1, "change_message": "[{\"added\": {}}]"}}, {"model": "admin.logentry", "pk": 62, "fields": {"action_time": "2025-02-04T21:25:38.643Z", "user": 1, "content_type": 14, "object_id": "11", "object_repr": "table lamp", "action_flag": 1, "change_message": "[{\"added\": {}}]"}}, {"model": "admin.logentry", "pk": 63, "fields": {"action_time": "2025-02-04T21:26:02.558Z", "user": 1, "content_type": 12, "object_id": "12", "object_repr": "Table Lamp", "action_flag": 1, "change_message": "[{\"added\": {}}]"}}, {"model": "sessions.session", "pk": "7vsd6qzkx99816jtwpdnodr48oykae4b", "fields": {"session_data": ".eJxVjEEOwiAQRe_C2hAodAZcuu8ZCHQGqRqalHZlvLtt0oVu_3vvv0WI21rC1ngJE4mr0OLyu6U4PrkegB6x3mc5znVdpiQPRZ60yWEmft1O9--gxFb2GjrNnDoCr5z1ekSDREoZBgSL4KnrmR1aC8Y4D73z2WMmVMnkXc7i8wW6Pjbo:1tdsvR:pIWfbsk5HAoHP86lhoqdyPpbE-vtrErvuDnuzuZB3qc", "expire_date": "2025-02-14T15:27:21.497Z"}}, {"model": "sessions.session", "pk": "guo8ehvndf9hevavyan1xzrtsntob98k", "fields": {"session_data": ".eJxVjEEOwiAQRe_C2hAodAZcuu8ZCHQGqRqalHZlvLtt0oVu_3vvv0WI21rC1ngJE4mr0OLyu6U4PrkegB6x3mc5znVdpiQPRZ60yWEmft1O9--gxFb2GjrNnDoCr5z1ekSDREoZBgSL4KnrmR1aC8Y4D73z2WMmVMnkXc7i8wW6Pjbo:1tfPmt:YgDaVT0kkwesoMm06eLLwMysPybUn4OJlhU77Md5Oj0", "expire_date": "2025-02-18T20:44:51.469Z"}}, {"model": "sessions.session", "pk": "p168m06kue1y5sql367l773a5qx67yx8", "fields": {"session_data": ".eJxVjEEOwiAQRe_C2hAodAZcuu8ZCHQGqRqalHZlvLtt0oVu_3vvv0WI21rC1ngJE4mr0OLyu6U4PrkegB6x3mc5znVdpiQPRZ60yWEmft1O9--gxFb2GjrNnDoCr5z1ekSDREoZBgSL4KnrmR1aC8Y4D73z2WMmVMnkXc7i8wW6Pjbo:1tWGcP:ARjxP1WI1pmQp12n_-S0TTXzSk0kmUz5FWe_NpPlkoE", "expire_date": "2025-01-24T15:08:13.662Z"}}, {"model": "account.user", "pk": 1, "fields": {"password": "pbkdf2_sha256$870000$wmlmBl08nw3GQoi0qi8dbR$8VsEYZtsiKBP47mEH3xUoHX3TAUb41HpyigOGYLq7o4=", "last_login": "2025-02-04T20:44:51.459Z", "is_superuser": true, "username": "admin", "first_name": "John", "last_name": "Doe", "email": "", "is_staff": true, "is_active": true, "date_joined": "2025-01-10T15:05:23Z", "phone": null, "image": "", "groups": [], "user_permissions": []}}, {"model": "blog.blogcategory", "pk": 1, "fields": {"created_at": "2025-01-15T13:19:01.061Z", "updated_at": "2025-01-15T13:19:01.061Z", "title": "sofa"}}, {"model": "blog.blog", "pk": 1, "fields": {"created_at": "2025-01-15T13:19:12.153Z", "updated_at": "2025-01-15T13:19:12.153Z", "user": 1, "title": "Blog #1", "description": "description", "category": 1, "image": "blog_images/couch.png"}}, {"model": "core.contact", "pk": 1, "fields": {"created_at": "2025-01-31T15:29:54.240Z", "updated_at": "2025-01-31T15:29:54.240Z", "first_name": "gunduz", "last_name": "Heydarov", "email": "g.heyderov@gmail.com", "message": "asdfg"}}, {"model": "core.contact", "pk": 2, "fields": {"created_at": "2025-01-31T15:30:42.421Z", "updated_at": "2025-01-31T15:30:42.421Z", "first_name": "gunduz", "last_name": "Heydarov", "email": "g.heyderov@gmail.com", "message": "asdfgh"}}, {"model": "core.contact", "pk": 3, "fields": {"created_at": "2025-01-31T15:32:14.403Z", "updated_at": "2025-01-31T15:32:14.403Z", "first_name": "gunduz", "last_name": "Heydarov", "email": "g.heyderov@gmail.com", "message": "asdfg"}}, {"model": "product.producttag", "pk": 1, "fields": {"created_at": "2025-01-10T15:09:54.256Z", "updated_at": "2025-01-10T15:09:54.256Z", "title": "sofa"}}, {"model": "product.producttag", "pk": 2, "fields": {"created_at": "2025-01-10T15:09:58.157Z", "updated_at": "2025-01-10T15:09:58.157Z", "title": "furniture"}}, {"model": "product.producttag", "pk": 3, "fields": {"created_at": "2025-01-10T15:11:26.358Z", "updated_at": "2025-01-10T15:11:26.358Z", "title": "chair"}}, {"model": "product.producttag", "pk": 4, "fields": {"created_at": "2025-02-04T20:59:29.890Z", "updated_at": "2025-02-04T20:59:29.890Z", "title": "office chair"}}, {"model": "product.producttag", "pk": 5, "fields": {"created_at": "2025-02-04T21:08:06.492Z", "updated_at": "2025-02-04T21:08:06.492Z", "title": "dining chair"}}, {"model": "product.producttag", "pk": 6, "fields": {"created_at": "2025-02-04T21:14:00.572Z", "updated_at": "2025-02-04T21:14:00.573Z", "title": "modern chair"}}, {"model": "product.producttag", "pk": 7, "fields": {"created_at": "2025-02-04T21:16:52.628Z", "updated_at": "2025-02-04T21:16:52.628Z", "title": "table"}}, {"model": "product.producttag", "pk": 8, "fields": {"created_at": "2025-02-04T21:16:57.851Z", "updated_at": "2025-02-04T21:16:57.851Z", "title": "dining table"}}, {"model": "product.producttag", "pk": 9, "fields": {"created_at": "2025-02-04T21:24:22.170Z", "updated_at": "2025-02-04T21:24:22.170Z", "title": "lamp"}}, {"model": "product.producttag", "pk": 10, "fields": {"created_at": "2025-02-04T21:24:26.420Z", "updated_at": "2025-02-04T21:24:26.420Z", "title": "floor lamp"}}, {"model": "product.producttag", "pk": 11, "fields": {"created_at": "2025-02-04T21:25:38.639Z", "updated_at": "2025-02-04T21:25:38.639Z", "title": "table lamp"}}, {"model": "product.productcategory", "pk": 4, "fields": {"created_at": "2025-02-04T20:52:05.265Z", "updated_at": "2025-02-04T20:52:05.266Z", "title": "Chairs", "parent": null}}, {"model": "product.productcategory", "pk": 5, "fields": {"created_at": "2025-02-04T20:52:09.323Z", "updated_at": "2025-02-04T20:52:09.323Z", "title": "Tables", "parent": null}}, {"model": "product.productcategory", "pk": 6, "fields": {"created_at": "2025-02-04T20:52:21.566Z", "updated_at": "2025-02-04T20:52:21.566Z", "title": "Sofas", "parent": null}}, {"model": "product.productcategory", "pk": 7, "fields": {"created_at": "2025-02-04T20:52:27.416Z", "updated_at": "2025-02-04T20:52:27.416Z", "title": "Lightning", "parent": null}}, {"model": "product.productcategory", "pk": 8, "fields": {"created_at": "2025-02-04T20:55:36.318Z", "updated_at": "2025-02-04T20:55:36.318Z", "title": "Office chairs", "parent": 4}}, {"model": "product.productcategory", "pk": 9, "fields": {"created_at": "2025-02-04T20:55:43.324Z", "updated_at": "2025-02-04T20:55:43.324Z", "title": "Dining chairs", "parent": 4}}, {"model": "product.productcategory", "pk": 10, "fields": {"created_at": "2025-02-04T20:55:57.867Z", "updated_at": "2025-02-04T20:55:57.867Z", "title": "Coffee tables", "parent": 5}}, {"model": "product.productcategory", "pk": 11, "fields": {"created_at": "2025-02-04T20:56:12.687Z", "updated_at": "2025-02-04T20:56:12.687Z", "title": "Dining tables", "parent": 5}}, {"model": "product.productcategory", "pk": 12, "fields": {"created_at": "2025-02-04T20:56:30.358Z", "updated_at": "2025-02-04T20:56:30.358Z", "title": "Sectional sofas", "parent": 6}}, {"model": "product.productcategory", "pk": 13, "fields": {"created_at": "2025-02-04T20:56:56.882Z", "updated_at": "2025-02-04T20:56:56.882Z", "title": "Sofa beds", "parent": 6}}, {"model": "product.productcategory", "pk": 14, "fields": {"created_at": "2025-02-04T20:57:20.416Z", "updated_at": "2025-02-04T20:57:20.416Z", "title": "Table lamps", "parent": 7}}, {"model": "product.productcategory", "pk": 15, "fields": {"created_at": "2025-02-04T20:57:29.574Z", "updated_at": "2025-02-04T20:57:29.574Z", "title": "Floor lamps", "parent": 7}}, {"model": "product.product", "pk": 3, "fields": {"created_at": "2025-02-04T21:00:01.380Z", "updated_at": "2025-02-04T21:04:20.458Z", "title": "Modern Office Chair", "description": "A stylish and comfortable office chair designed for long hours of work. It features a breathable mesh back and adjustable height for optimal posture support.", "category": 8, "cover_image": "product_images/office-chair-1.jpeg", "price": "189.99", "tags": [3, 4]}}, {"model": "product.product", "pk": 4, "fields": {"created_at": "2025-02-04T21:06:00.059Z", "updated_at": "2025-02-04T21:06:00.059Z", "title": "Ergonomic Office Chair", "description": "This ergonomic office chair is designed for comfort and focus during long work hours. It features adjustable height, armrests, and lumbar support to ensure an optimal seating position. The breathable mesh back provides ventilation, keeping you cool while you work. Perfect for home offices or corporate settings.", "category": 8, "cover_image": "product_images/ergonomic-office-chair-1.jpeg", "price": "199.99", "tags": [3, 4]}}, {"model": "product.product", "pk": 5, "fields": {"created_at": "2025-02-04T21:08:34.165Z", "updated_at": "2025-02-04T21:12:30.336Z", "title": "Wooden Dining Chair", "description": "A beautifully crafted wooden dining chair that combines modern design with classic comfort. Perfect for any dining area, it features an ergonomic seat and backrest, providing support during long meals. The chair is lightweight yet sturdy, making it easy to move around while maintaining durability over time.", "category": 9, "cover_image": "product_images/dining-chair.jpeg", "price": "120.99", "tags": [3, 5]}}, {"model": "product.product", "pk": 6, "fields": {"created_at": "2025-02-04T21:14:05.197Z", "updated_at": "2025-02-04T21:14:05.197Z", "title": "Modern Dining Chair", "description": "A sleek and modern dining chair that provides comfort and style. Ideal for any dining room or kitchen setting, it features a comfortable cushioned seat and a sturdy frame, making it perfect for everyday use.", "category": 9, "cover_image": "product_images/modern-chair-1.jpeg", "price": "120.00", "tags": [3, 6]}}, {"model": "product.product", "pk": 7, "fields": {"created_at": "2025-02-04T21:18:00.688Z", "updated_at": "2025-02-04T21:18:00.688Z", "title": "Modern Oak Dining Table", "description": "A beautifully crafted modern dining table made from high-quality oak. Perfect for family meals and entertaining guests, this table combines style and functionality.", "category": 11, "cover_image": "product_images/dining-table-1.jpeg", "price": "599.99", "tags": [8, 7]}}, {"model": "product.product", "pk": 8, "fields": {"created_at": "2025-02-04T21:20:51.173Z", "updated_at": "2025-02-04T21:20:51.173Z", "title": "Elegant Maple Dining Table", "description": "A beautifully designed dining table made from premium maple wood, perfect for family gatherings and dinner parties. It features a smooth surface that’s easy to clean and maintain, with a modern aesthetic that fits any dining room decor.", "category": 11, "cover_image": "product_images/dining-table-2.jpeg", "price": "599.99", "tags": [8, 7]}}, {"model": "product.product", "pk": 9, "fields": {"created_at": "2025-02-04T21:22:32.290Z", "updated_at": "2025-02-04T21:22:32.290Z", "title": "Modern Sofa", "description": "A stylish and comfortable modern sofa, perfect for any living room. Upholstered in a luxurious fabric, it features a sleek design and sturdy frame for durability. Ideal for both small and large spaces, this sofa adds a touch of elegance to your home decor.", "category": 12, "cover_image": "product_images/modern-sofa-1.jpeg", "price": "399.99", "tags": [1]}}, {"model": "product.product", "pk": 10, "fields": {"created_at": "2025-02-04T21:23:25.525Z", "updated_at": "2025-02-04T21:23:25.525Z", "title": "Modern Wooden Sofa", "description": "This modern wooden sofa combines comfort with contemporary design, perfect for any living space.", "category": 12, "cover_image": "product_images/modern-sofa-2.jpeg", "price": "299.99", "tags": [1]}}, {"model": "product.product", "pk": 11, "fields": {"created_at": "2025-02-04T21:24:39.613Z", "updated_at": "2025-02-04T21:24:39.613Z", "title": "Modern Floor Lamp", "description": "A sleek and stylish modern floor lamp that fits perfectly in any contemporary setting. It features a minimalist design, providing both functionality and elegance to your living space. The soft, warm light creates a cozy atmosphere, making it ideal for reading or relaxing.", "category": 15, "cover_image": "product_images/floor-lamp-1.jpeg", "price": "129.99", "tags": [9, 10]}}, {"model": "product.product", "pk": 12, "fields": {"created_at": "2025-02-04T21:26:02.548Z", "updated_at": "2025-02-04T21:26:02.548Z", "title": "Table Lamp", "description": "A stylish table lamp with a modern design, perfect for adding a touch of elegance to any space. This lamp features a fabric shade and a sturdy base, making it both functional and aesthetically pleasing.", "category": 14, "cover_image": "product_images/table-lamp-1.jpeg", "price": "49.99", "tags": [9, 11]}}, {"model": "product.productimage", "pk": 6, "fields": {"created_at": "2025-02-04T21:04:20.462Z", "updated_at": "2025-02-04T21:04:20.462Z", "image": "product_images/office-chair-2.jpeg", "product": 3}}, {"model": "product.productimage", "pk": 7, "fields": {"created_at": "2025-02-04T21:04:20.469Z", "updated_at": "2025-02-04T21:04:20.469Z", "image": "product_images/office-chair-3.jpeg", "product": 3}}, {"model": "product.productimage", "pk": 8, "fields": {"created_at": "2025-02-04T21:12:30.340Z", "updated_at": "2025-02-04T21:12:30.340Z", "image": "product_images/dining-chair-2.jpeg", "product": 5}}]